{
  "dependencies": {
    "apis1": {
      "resourceId": "/subscriptions/[parameters('subscriptionId')]/resourceGroups/[parameters('resourceGroupName')]/providers/Microsoft.ApiManagement/service/TweetApplicationSowmya/apis/TweetApp",
      "type": "apis.azure"
    },
    "cosmosdb1": {
      "resourceId": "/subscriptions/[parameters('subscriptionId')]/resourceGroups/[parameters('resourceGroupName')]/providers/Microsoft.DocumentDB/databaseAccounts/tweetappsowmya",
      "type": "cosmosdb.azure",
      "connectionId": "TweetApp",
      "secretStore": null
    }
  }
}